{
    "loss": 0.011515717953443527,
    "accuracy": 0.9901960492134094
}